abstract_path,raw_path
Data_Fetching/articles/arxiv/1403/1403.5177v1.txt,Data_Fetching/abstracts/arxiv/1403/1403.5177v1_abstract.txt
Data_Fetching/articles/arxiv/1403/1403.5179v1.txt,Data_Fetching/abstracts/arxiv/1403/1403.5179v1_abstract.txt
Data_Fetching/articles/arxiv/1403/1403.5180v1.txt,Data_Fetching/abstracts/arxiv/1403/1403.5180v1_abstract.txt
Data_Fetching/articles/arxiv/1403/1403.5181v1.txt,Data_Fetching/abstracts/arxiv/1403/1403.5181v1_abstract.txt
Data_Fetching/articles/arxiv/1403/1403.5182v1.txt,Data_Fetching/abstracts/arxiv/1403/1403.5182v1_abstract.txt
Data_Fetching/articles/arxiv/1403/1403.5183v1.txt,Data_Fetching/abstracts/arxiv/1403/1403.5183v1_abstract.txt
Data_Fetching/articles/arxiv/1403/1403.5185v1.txt,Data_Fetching/abstracts/arxiv/1403/1403.5185v1_abstract.txt
Data_Fetching/articles/arxiv/1403/1403.5186v1.txt,Data_Fetching/abstracts/arxiv/1403/1403.5186v1_abstract.txt
Data_Fetching/articles/arxiv/1403/1403.5188v1.txt,Data_Fetching/abstracts/arxiv/1403/1403.5188v1_abstract.txt
Data_Fetching/articles/arxiv/1403/1403.5189v1.txt,Data_Fetching/abstracts/arxiv/1403/1403.5189v1_abstract.txt
Data_Fetching/articles/arxiv/1403/1403.5190v1.txt,Data_Fetching/abstracts/arxiv/1403/1403.5190v1_abstract.txt
Data_Fetching/articles/arxiv/1403/1403.5191v1.txt,Data_Fetching/abstracts/arxiv/1403/1403.5191v1_abstract.txt
Data_Fetching/articles/arxiv/1403/1403.5192v1.txt,Data_Fetching/abstracts/arxiv/1403/1403.5192v1_abstract.txt
Data_Fetching/articles/arxiv/1403/1403.5193v1.txt,Data_Fetching/abstracts/arxiv/1403/1403.5193v1_abstract.txt
Data_Fetching/articles/arxiv/1403/1403.5194v1.txt,Data_Fetching/abstracts/arxiv/1403/1403.5194v1_abstract.txt
Data_Fetching/articles/arxiv/1403/1403.5196v1.txt,Data_Fetching/abstracts/arxiv/1403/1403.5196v1_abstract.txt
Data_Fetching/articles/arxiv/1403/1403.5197v1.txt,Data_Fetching/abstracts/arxiv/1403/1403.5197v1_abstract.txt
Data_Fetching/articles/arxiv/1403/1403.5198v1.txt,Data_Fetching/abstracts/arxiv/1403/1403.5198v1_abstract.txt
Data_Fetching/articles/arxiv/1403/1403.5199v1.txt,Data_Fetching/abstracts/arxiv/1403/1403.5199v1_abstract.txt
Data_Fetching/articles/arxiv/1403/1403.5200v1.txt,Data_Fetching/abstracts/arxiv/1403/1403.5200v1_abstract.txt
Data_Fetching/articles/arxiv/1403/1403.5201v1.txt,Data_Fetching/abstracts/arxiv/1403/1403.5201v1_abstract.txt
Data_Fetching/articles/arxiv/1403/1403.5202v1.txt,Data_Fetching/abstracts/arxiv/1403/1403.5202v1_abstract.txt
Data_Fetching/articles/arxiv/1403/1403.5203v1.txt,Data_Fetching/abstracts/arxiv/1403/1403.5203v1_abstract.txt
Data_Fetching/articles/arxiv/1403/1403.5204v1.txt,Data_Fetching/abstracts/arxiv/1403/1403.5204v1_abstract.txt
Data_Fetching/articles/arxiv/1403/1403.5205v1.txt,Data_Fetching/abstracts/arxiv/1403/1403.5205v1_abstract.txt
Data_Fetching/articles/arxiv/1403/1403.5206v1.txt,Data_Fetching/abstracts/arxiv/1403/1403.5206v1_abstract.txt
Data_Fetching/articles/arxiv/1403/1403.5207v1.txt,Data_Fetching/abstracts/arxiv/1403/1403.5207v1_abstract.txt
